{
    "loss": 0.1908871978521347,
    "accuracy": 0.9482758641242981
}