{
    "loss": 0.22261138260364532,
    "accuracy": 0.931034505367279
}